codigo,descricao,unidade,saldo_inicial
1,POLVILHO DOCE GRANULADO LOPES SC,SC,0
2,POLVILHO AZEDO GRANUL. LOPES  SC 25,SC,0
3,FARINHA  TRIGO MOLINO R. B. GUSTO,UND,0
4,AMIDO DE MILHO SC 25 KG,SC,0
5,POLVILHO DOCE  VO JOÃO  1KG,KG,0
6,MIX LOPES 60 PR SACO 25KG,SC,0
7,FARINHA DE TRIGO MOLINO R GOURMET,UND,0
8,CHANTILY NORCAU 1LT,LT,0
9,COCO RALADO COCO SUPER 5KG,PCT,0
10,CREME CONFEITEIRO ITAIQUARA 1KG,KG,0
11,FERMENTO FRESCO BIOL M SALG ITAIQ,PC,0
12,FERMENTO INST BEST BAKER 500GR,UN,0
13,AMENDOIM TORRADO PCT. SEM CASCA 400,UN,0
14,FECULA MANDIOCA AMIDOTEC  KG,KG,0
15,FAR DE TRIGO SOTRIGO MIX 25KG,UN,0
16,FAR DE TRIGO SOTRIGO PREMIUM 25K,SC,0
17,SALG SOTRIX PAMONHA A MODA,UND,0
18,SALG SOTRIX CEBOLA E SALSA,UND,0
19,SALG SOTRIX CHURRASCO,UND,0
20,SALG SOTRIX GALINHA,UN,0
21,SALG SOTRIX JANTINHA,UN,0
22,SALG SOTRIX REQUEIJÃO,UN,0
23,FAR DE TRIGO PASTEL E MASSA FRESCA,UN,0
24,FARINHA DE MANDIOCA VO JOAO PCT,KG,0
25,POLVILHO DOCE ARTESANAL VO JOÃO PCT,KG,0
26,FERMENTO FRESCO BIOL M DOCE ITAIQ 500,UND,0
27,BALELETTOLEDO PRIX 3 PLUS (P300200),UN,0
28,FARINHA DE MANDIOCA VO JOÃO 1KILO,UN,0
29,FARINHA DE MANDIOCA VO JOÃO,KG,0
30,CALDA P/PUDIM DON ANTERO 7K GL,GL,0
31,CHOCOLATE PO 50% NUTRIMAX 1KG,KG,0
32,BISCOITO CHIMANGUINHO VOVO MARIA,PCT,0
33,BISCOITO DE POLVILHO CHIMANGUINHO,UND,0
34,LATÃO P/GORDURA MARLUX 30 LTS,UND,0
35,ESCUMADEIRA CABO DE MADEIRA PEQ,UND,0
36,BISCOITO DE POLVILHO CHIMANGUINHO,UN,0
37,FARINHA DE MANDIOCA TEMPERADA VO,PCT,0
38,BULE COBRE 1 1/5 LITROS P/USO CDB,UN,0
39,BULE COBRE P/USO 1 LITRO CDB,UN,0
40,BULE TRADICIONAL LISO N 14 5LT (AMARELO),UN,0
41,CABO VELA FIAT PAL 18 16V 11,UN,0
42,CACAROLA N 40 ASA DE ALUMINIO,UND,0
43,CACAROLA N 46 ASA DE ALUMINIO,UND,0
44,CACAROLA N 50 ASA DE ALUMINIO,UND,0
45,CALDA P/ MOLHAR BOLO UHT FLEISCHMANN-,UND,0
46,CALDA P/ PUDIM *TOQUE DE MINAS*,UN,0
47,CALDA P/PUDIM DON ANTERO 7K GL,GL,0
48,CANECA COBRE 400 ML BARRIL MARTELADA,UN,0
49,CANECA COBRE BARRIL 400 ML ALCA DE,UN,0
50,CANECA COBRE BARRIL 400 ML LISA,UN,0
51,CANECA EM COBRE MARTELADA ALCA/COBRE,UN,0
52,CANECO MARILUX FE 4 LTS,UN,0
53,CANJICA AMARELA VO JOAO 500GR,UND,0
54,CANJICA BRANCA VO JOAO 500GR,PCT,0
55,CAPA PORCA N 27 UNICA - CPP1002;,UN,0
56,CARTUCHO DILUENTE P/ TINTA PRETA STD,UN,0
57,CARTUCHO TINTA PRETA STD GM680 750,UN,0
58,CERV HEINEKEN LAGER LN 330ML,UND,0
59,TACHO ESMALTADO N16,UND,0
60,CERVEJA HEINIKEN LAGER LN 330ML,UND,0
61,CESTO FECHADO 93 LT C/TAMPA,UND,0
62,"CHALEIRA COBRE 1,5 LTS P/USO",UN,0
63,CHANTILY NORCAU CHANTY 1LT UN,UND,0
64,CHOC CHIPSHOW AO LEITE 1010KG,UND,0
65,CHOC EM PO 50% CACAU 1005KG,UN,0
66,CHOC EM PO 50% CACAU 1010KG,BR,0
67,CHOC EM PO FLEISCHMANN 32% - 1KG,UND,0
68,CHOC EM PO FLEISCHMANN 50% - 1KG,KG,0
69,CHOC GRAN COLOR/MACIO 1005KG DONA,PCT,0
70,CHOCOLATE EM PO 50% 1KG SO,PCT,0
71,CHOCOLATE GRANULADO CROCANTE,PCT,0
72,CHOCOLATE PO 50% NUTRIMAX 101KG,PCT,0
73,CILINDRO MESTRE FREIO SIMPLES MB,UN,0
74,COADOR INOX,UND,0
75,COB GOTA CHIPSHOW LEITE TOP 101KG,BR,0
76,GRELHA G,BR,0
77,COB GOTA P/ DERRETER M AMARG TOP,BR,0
78,COB/RECH LEITINHO MELKEN HARALD,BR,0
79,COCO FINO DESIDRATADO SUPERCOCO,PCT,0
80,COCO FINO UMIDO ADOCADO COCOSUL,PCT,0
81,COCO FLOCADO UMIDO/ADOCAD LONGO,UN,0
82,COCO FLOCADO UMIDO/ADOCADO DIKOKO*,PCT,0
83,COCO FLOCOS UMIDO ADELCOCO 1KG,PCT,0
84,PANELA DE 10 LITROS,UN,0
85,COCO FLOCOS UMIDO/ADOC 1KG,UN,0
86,COCO RAL NACIONAL SUPERCOCO DESID,PCT,0
87,COCO RALADO   1KG CP,KG,0
88,COCO RALADO 5KG  SUPERCOCO,UN,0
89,COCO RALADO 5KG SUPERCOCO,UN,0
90,COCO RALADO COCO SUPER 5 KG SC,UN,0
91,COCO RALADO COMPOSTO DIKOKO FINO 1KG,UN,0
92,COCO RALADO COMPOSTO SUPER FINO,UN,0
93,COCO SUPER FINO 5K,UN,0
94,COLHER ALUMINO GRANDE - 15,UN,0
95,COLHER DE PAU PEQUENA,UN,0
96,COLHER ESPUMADEIRA G - 24,UN,0
97,CONCHA CEREAIS 18 CM,UN,0
98,CONCHA DE CEREAIS MEDIA 15 CM,UN,0
99,ASSAD.H.RET.MSRILUX6,UN,0
100,COND TEMPEIRO PRONTO CHIMICHURRI,UN,0
101,CONDIMENTO  OREGANO  VO JOAO PCT,PCT,0
102,COND PIMENTA DO REINO EM PO 1KG VO,KG,0
103,F.BOLO G,UN,0
104,FORMA DE PAO 03,UN,0
105,F.DE PÃO 4,UN,0
106,CORANTE SOFTGEL AZUL - 60G - MAGO,UN,0
107,CORANTE SOFTGEL ROSA PINK - 60G -,UN,0
108,CORANTE SOFTGEL VERM BRILHANTE 60G,UN,0
109,LATAO GORD. MAILUX 36 LTS,UN,0
110,CREME CONF BAUNILHA HAXPAO 1 KG,KG,0
111,CREME CONF TIA OFELIA - 1KG,UN,0
112,AGUA MIN MINEIRO S/GAS PET 500ML,UND,0
113,CREME CULINARIO GRAN FINALE-1KG,LT,0
114,CANECO MARILUX F.E.4 LTS,UN,0
115,CUBA 8 LITROS COBRE S/ ALCA,UN,0
116,CUBA EM COBRE 10 LITROS S/ALC,UN,0
117,CUBA EM COBRE 5 LITROS S/ALCA,UN,0
118,MIX PARA PAO DE QUEIJO AMIDOTEC,SC,0
119,POLVILHO AZEDO VO JOAO  1KG,KG,0
120,FARINHA DE MANDIOCA 500 GR,UN,0
121,FARINHA DE MANDIOCA KG,UN,0
122,FARINHA DE MANDIOCA 2KG,KG,0
123,FECULA MANDIOCA LOPES KG,KG,0
124,FAR DE TRIGO PASTEL E MASSA FRECA 5,KG,0
125,FUBÁ DE MILHO PCT.500GR,PCT,0
126,POLV DOCE OLINDA TP1  KILO,KG,0
127,OVOS EXTRA BRANCO (BANDEIJA 30,BD,0
128,ALHO ABAIXO DO PADRÃO PCT 500 GR,KG,0
129,DOCE SORO DE LEITE BISNAGA TEMPOS 2KG,BIS,0
130,POLVILHO AZEDO INDL AMIDOTEC KG,KG,0
131,"CHOC EM PÓ 50% CACAU 1,010KG HARALD",UN,0
132,MARGARINA BD50%LIP 14KG AMELIA,BD,0
133,EMULSIF STARGEL - 3 KG KERRY,BD,0
134,MARGARINA FOLHADA BLOCO 2KG AMELIA,UND,0
135,ENERG REDBULL LT 250ML,UND,0
136,MIST BOLO LEITE CONDENSADO  VILMA 5KG,PCT,0
137,MARGARINA BD 50% LIP 15KG SINA,BD,0
138,COCO RALADO 5KG DEISD SUPERCOCO,SC,0
139,ESPIRAL LIMPEZA GABINE AZUL/PRETO,UN,0
140,FECULA DE MANDIOCA VO JOÃO,UN,0
141,FAR DE TRIGO SOTRIGO TP 1 KG,SC,0
142,CANJICA BRANCA VO JOÃO 500GR,KG,0
143,POLVILHO DOCE GRANULADO LOPES SC,KG,0
144,MILHO DE PIPOCA VO JOÃO 500GR,PCT,0
145,GIRASOL MIUDO VO JOÃO PCT.300GR,KG,0
146,CANJICA AMARELA VO JOÃO 500GR,UN,0
147,FUBÁ DE MILHO VO JOAO PCT.500G,PCT,0
148,PRE MISTURA NITA MIX 25KG,SC,0
149,ETIQUETAS ADESIVAS VO JOAO,UN,0
150,MOLINO BUONO GUSTO 5X5KG,KG,0
151,FERM FLEYSHMAN FERMIPAN  MD500G,UN,0
152,TAPIOCA HIDRATADA LOPES 500G,UN,0
153,FARINHA DE MANDIOCA PUBA VO JOÃO 500,KG,0
154,AMENDOIM TORRADO 400G,UN,0
155,ETIQUETAS ADESIVAS VO JOÃO,UN,0
156,F CUSCUZ HOTEL MARILUX 26,UN,0
157,FECULA DE MANDIOCA LOPES 25KILOS,SACO,0
158,PIMENTA DO REINO EM PO KG,KG,0
159,FECOMIX 425 NCM FUBA DE MILHO KG,UN,0
160,FECOGELMIX NCM AMIDO DE MILHO,KG,0
161,FLAKESMIX NCM CANJICA DE MILHO,UN,0
162,MOLHO PIM CALABRESA MALVA,UND,0
163,QUEIJO RALADO KG,KG,0
164,BISCOITO CHIMANGUINHO TEMPERADO,PCT,0
165,BISCOITO CHIMANGUINHO VOVO MARILIA,PCT,0
166,BISCOITO DE POLVILHO CHIMANGUINHO,PCT,0
167,BISCOITO DE POLVILHO CHIMAGUINHO 220G,UN,0
168,FLOCOS DE MILHO DOCE FLOKIMANIA10X1,FD,0
169,SALG TRIG SABOR BACON 60G VOVO MARILIA,UND,0
170,SUSPIRO CASEIRO 110G VOVO MARILIA,PCT,0
171,POLV DOCE VO JOÃO PACOTE  12 KG,UN,0
172,POLVILHO ARTESANAL VO JOÃO 2KILO,KG,0
173,POLVILHO ARTESANAL VO JOÃO 3KILOS,KG,0
174,POLVILHO ARTESANAL VO JOÃO 5 KG,KG,0
175,POLVILHO ARTESANAL VO JOÃO 10KG,UN,0
176,POLVILHO ARTESANAL AZEDO VO JOÃO 12,KG,0
177,FARDE TRIGO PASTEL E MASSA FRESCA,PCT,0
178,FÉCULA DE MANDIOCA AMIDOTEC SC 25KG,SC,0
179,FARINHA DE MANDIOCA AMARELA,UN,0
180,FARINHA DE MILHO BIJU FLOCADA VO JOÃO,PCT,0
181,FERM FRESCO500G FLEISCHANN MASSA,PC,0
182,FARINHA DE MANDIOCA PUBAPCT,UN,0
183,CALDA PARA PUDIM TOQUE DE MINAS,GL,0
184,MIST BOLO BASICO NEUTRO VILMA,UN,0
185,FERM INSTANTANEO MD 500 G,UN,0
186,FARINHA DE MANDIOCA TORRADA VO JOAO,UN,0
187,MIST BOLO CHOCOLATE VILMA 5KG,PCT,0
188,CONDIMENTO OREGANO VO JOÃO PCT.500,PCT,0
189,COND CHIMICHURRI C/PIMENTA 500 GR. VO,KG,0
190,FARINHA DE MANDIOCA VO JOAO,UN,0
191,FARINHA DE MANDIOCA VO JOAO KG,UN,0
192,FERMENTO EM PO QUIMICO HAXPÃO 1KG,PC,0
193,MELHORADOR DE FARINHA  HAXPÃO,UN,0
194,MELHORADOR DE PANIFICAÇÃO LIQ,UN,0
195,FARINHA DE TRIGO MOLINO ROSSO,UN,0
196,COND. PIMENTA DO REINO EM PO 1KG VO,KG,0
197,TAPIOCA  GRANULADA LOPES 1KG,UN,0
198,FAROFA TEMPERADA SABOR PICANHA,UN,0
199,POLVILHO DOCE GRANULADO LOPES SC 25,UN,0
200,FECOMIX 425 FUBA DE MILHO VO JOAO 1,UN,0
201,FECOMIX 425 FUBA DE MILHO VO JOAO 1,UN,0
202,POLVILHO DOCE VO JOAO 2KG,KG,0
203,FECULA DE MANDIOCA LOPES 25 KG,UN,0
204,FECULA MANDIOCA AMIDOTEC SC,SC,0
205,POLVILHO ARTESANAL DOCE VO JOÃO 1KG,UN,0
206,POLV ARTESANAL AZEDO VO JOÃO 1KG,KG,0
207,POLV ARTESANAL  VO JOÃO 2KG,UN,0
208,POLV ARTESANAL 3KG  KG,KG,0
209,POLVILHO ARTESANAL  5KG - CR,KG,0
210,POLVILHO ARTESANAL VO JOAO 10KG,KG,0
211,FERM FRESCO 500G FLEISCHMANN MASSA,UN,0
212,POLVILHO ARTESANAL VO JOÃO 10KG,KG,0
213,FERM INSTANTANEO MD 500G,UN,0
214,FERM PO QUIMICO FLEISCHMANN -,UN,0
215,FERMENTO EM PO QUIMICO HAXPÃO,UN,0
216,COCO RALADO 1KG CP,PCT,0
217,FARINHA DE TRIGO MOLINO ROSSO,UND,0
218,FARINHA DE MANDIOCA TORRADA,UN,0
219,FERM INST MD ITAIQUARA 500 GR.PC,UN,0
220,FERMENTO QUIMICO NITA REFIL 2KG,UN,0
221,MISTURA PARA CREPIOCA 500G,PCT,0
222,TAPIOCA GRANULADA LOPES 500GR,PCT,0
223,AMIDO DE MILHO,UN,0
224,SALGADINHO CROC BACON,UN,0
225,TAPIOCA HIDRATADA LOPES 1KG,UN,0
226,COND CHIMICHURRI S/PIMNETA KG,UN,0
227,BISCOITO DE POLVILHO PAPA OVO 220G VO,UND,0
228,BISCOITO DE POLVILHO PAPA OVO 120G,UN,0
229,FARINHA DE MANDIOCA TORRADA VO,KG,0
230,POLVILHO DOCE VO JOÃO,UN,0
231,FAR TRIGO DA VOVO PRE MISTURA MIX,UND,0
232,FRIGIDEIRA N 50 ALTA,UN,0
233,FRUTEIRA EM COBRE ALTA C/PE 40 ALT X 32,UN,0
234,FAR TRIGO PANIFICAÇÃO EMEGE PREMIUM SC,UN,0
235,FUBA DE MILHO KG,UN,0
236,FUBA DE MILHO VO JOAO 500G,UN,0
237,GAMELA ALUMINIO GMP - 5,UN,0
238,FAR ESPECIAL SUPREMA 25K,SC,0
239,CHOCOLATE GRANULADO CROCANTE,PCT,0
240,FAR DE TRIGO VOVO PRE MISTURA25X1,UN,0
241,GELEIA BRILHO NEUTRA FLEISCH 4KG,UN,0
242,GERGELIM DESPEL BRANCO KAMAL,UN,0
243,TEMPERO COMPLETO COM PIMENTA,UN,0
244,CHOCOLATE EM PO 50% 1KG SO,UND,0
245,GRANULADO CROCANTE DONA JURA,UN,0
246,CREME CONF TIA OFELIA,UN,0
247,GRELHA G,UN,0
248,IMPRESSORA CIJ GM910 TOUCHSCREEN 60,UN,0
249,INTERRUPTOR ALERTA VW 94/2000 -,UN,0
250,JOGO LONA 559,UN,0
251,JUNTA OVAL TUBO ENTRADA OLEO MOTOR,UN,0
252,JUNTA SUPORTE FILTRO OLEO FIAT PAL,UN,0
253,JUNTA TAMPA VALV FIAT 16 18 16V,UN,0
254,KETCHUP CEPERA SC 154X7G,UN,0
255,L LEITE MARILUX 10 LTS,UN,0
256,LAMPADA LED SLIM FIT 36W 100M BRANCA,UN,0
257,LANTERNA LED LAT FACCHINI SMALL,UN,0
258,LATA VAZIA C/ TAMPA 18LT BOCACO,UN,0
259,LATAO GORDURA 30 LTS - 5,UN,0
260,LATAO GORD MARILUX 17 LTS,UN,0
261,LATAO GORD MARILUX 20 LTS,UN,0
262,LATAO GORD MARILUX 30 LTS,UN,0
263,LATAO GORD MARILUX 36 LTS,UND,0
264,LATAO GORD MARILUX 50 LTS,UN,0
265,LATAO P/ GORDURA MALUX 20LTS,UN,0
266,LEITE COND BAG SEMI DESN 5KG,UN,0
267,LEITE COND PIRACANJUBA **BAG**5KG,UN,0
268,LEITE COND SEMI PIRACANJUBA 5KG,UN,0
269,LEITE CONDENSADO PIRACANJUBA BAG,UN,0
270,LINER 50X80 MM,UN,0
271,LUBRAX FLUIDO DE FREIO DOT 3 200ML,UN,0
272,LUVA (C LONGO) AZUL 50 CM *STAR*,UN,0
273,MAIONESE CEPERA SC 140X7G,UN,0
274,MAIONESE TRAD MALVA SACHE 5 GR-150 X 5,UN,0
275,MANETIM,UN,0
276,MANGA CONFEITAR LONA GRANDE,UN,0
277,MANGA LONA P/ CONFEITAR 60CM,UN,0
278,MANGA P/ CONF EM LONA 60CM EXTRA II,UN,0
279,MANGUEIRA 12MM,UN,0
280,MANGUEIRA 8MM,UN,0
281,MARG 50% SINA C/SAL 15KG,UN,0
282,MARG SOFITELI C/ SAL BD 15KG,UN,0
283,MARGARINA BD 50% LIP 145KG,UN,0
284,MARGARINA BD 50% LIP 14KG AMELIA,UN,0
285,MARGARINA BD 50% LIP 15KG SINA,UN,0
286,DOCE DE LEITE CREM BISN 2KG,BIS,0
287,MARGARINA SINA 50% 15KG,UN,0
288,MARGARINA SINA 80% 15KG,UN,0
289,MELHORADOR DE FARINHA HAXPÃO 1,UN,0
290,AMENDOIM TORRADO,UN,0
291,MELHORADOR DE PANIFICACAO LIQ 5,UN,0
292,MELHORADOR SUPREMA ZAP 4KG PC,UN,0
293,MILHO DE PIPOCA/25KG/RF/BUTTER NCM: EM,UN,0
294,MILHO PIPOCA VO JOAO 500 G,UN,0
295,MIST BOLO BASICO/NEUTRO VILMA -,UN,0
296,MIST BOLO BROA DE FUBA 5KG VILMA,UN,0
297,MIST BOLO CHOCOLATE BUNGE 5 KG,UN,0
298,MIST BOLO CHOCOLATE VILMA - 5KG,UN,0
299,MIST BOLO COCO 5KG VILMA,UN,0
300,MIST BOLO FUBA VILMA - 5KG,UN,0
301,MIST BOLO LEITE CONDENSADO VILMA -,UN,0
302,MIST BOLO NEUTRO BUNGE 5 KG PC,UN,0
303,MIST BOLO PAO DE LO BUNGE 5 KG PC,UN,0
304,MIST BOLO VILMA CHOCOLATE ESC 5,UN,0
305,MIST PAO DE LO 5KG BUNGE,UN,0
306,MIST PRONTA DA VOVO PRE MIX 25KG,UN,0
307,MIST PRONTA NITA MIX 25KG,UN,0
308,MISTURA PARA CREPIOCA 500G,UN,0
309,POLVILHO DOCE VO JOÃO  SC 25 KG,KG,0
310,CUICA 30X30,UN,0
311,MOEDOR DE CAFE MANUAL COM REGULAGEM,UN,0
312,MOLHO BARBECUE SACHE 5 GR-150 X 5,UN,0
313,MOLHO PIM CALABRESA MALVA,UN,0
314,MOLHO TOMATE K SACHE 5 GR-150 X 5,UN,0
315,MOLINO BUONO GUSTO 5X5KG QJH,UN,0
316,MOTORFIX DH TIPO A 500ML,UN,0
317,NEW LUB 20W50 1 LT 7898960529043,UN,0
318,NIPLE RETO 1/4,UN,0
319,OLEO DE ALGODAO 158LT ELOGIATA,UN,0
320,OLEO DIESEL B S10,LT,0
321,OLEO DIESEL B S10,UN,0
322,OLEO DIESEL B S500 COMUM,UN,0
323,FARINHA DE MANDIOCA AM.GROSSA,UN,0
324,OLEO LUBRIF 1LT 80W90 IPIRANGA,UN,0
325,OLHAL 16X12,UN,0
326,OLHAL 16X8,UN,0
327,OVOS EXTRA BRANCO ( BANDEJA 30 OVOS,BD,0
328,PAEJA DE FERRO 40CM,UN,0
329,PAEJA DE FERRO 50 CM,UN,0
330,PAEJEIRA COBRE 25 CM P,UN,0
331,PAEJEIRA COBRE 32 CM N1,UN,0
332,PAEJEIRA COBRE 38 CM N2,UN,0
333,PAEJEIRA COBRE 41 CM N3,UN,0
334,PANELA 10 LITROS,UN,0
335,PANELA DE PEDRA N 1 - 1 LITRO,UN,0
336,PANELA DE PEDRA N 2 2 LITROS,UN,0
337,PANELA DE PEDRA N 3 - 3 LITROS,UN,0
338,PANELA DE PEDRA N 4 - 4 LITROS,UN,0
339,PANELA DE PEDRA N 5 - 5 LITROS,UN,0
340,PANELA DE PEDRA N 6 6 LITROS,UN,0
341,PANELA MARILUX 70 LTS,UN,0
342,PANELA MARILUX CRAQ 100 LTS,UN,0
343,PANELA MARILUX NUEVA 20 LTS,UN,0
344,PANELA MARILUX NUEVA CRAQ 20 LTS,UN,0
345,PANELA N50,UN,0
346,PAR DE PLACAS MERCOSUL,UN,0
347,PARAFCARDAN 10X30 MB 1113/2013,UN,0
348,PARAFUSO OCO DUPLO 16,UN,0
349,PARAFUSO OCO SIMPLES 16,UN,0
350,PELLETS DE TRIGO GRANEL (SACO),UN,0
351,PIMENTA DO REINO PO VO JOAO KG,UN,0
352,PINCEL SILICONE EURO,UN,0
353,PINO ENGATE 1/4 ROSCA,UN,0
354,PIPOQUEIRA MARILUX 22,UN,0
355,POLV DOCE OLINDA TP 1 SC PAPEL 25,UN,0
356,POLVILHO AZEDO  VO JOAO  2 KG,UN,0
357,POLVILHO DOCE VO JOAO 5 KG,UN,0
358,POLVILHO  AZEDO VO JOAO 1 KG,UN,0
359,POLVILHO  DOCE VO JOAO 1 KG,UN,0
360,POLVILHO ARTESANAL DOCE VO JOAO,UN,0
361,POLVILHO ARTESANAL DOCE VO JOAO,UN,0
362,POLVILHO DOCE  VO JOAO 10 KG,UN,0
363,POLVILHO ARTESANAL VO JOAO 10 KG,UN,0
364,POLVILHO DOCE  VO JOAO 12 KG,UN,0
365,POLVILHO ARTESANAL VO JOAO 25 KG,UN,0
366,POLVILHO DOCE VO JOAO 2 KG,UN,0
367,POLVILHO DOCE  VO JOAO 3 KG,UN,0
368,POLVILHO ARTESANAL VO JOAO 3 KG,UN,0
369,POLVILHO  DOCE  VO JOAO 6 KG,UN,0
370,POLVILHO ARTESANAL VO JOAO 6 KG,UN,0
371,POLVILHO  VO JOAO EMB SC 25 KG,UN,0
372,POLVILHO AZEDO GRANULADO LOPES,KG,0
373,POLVILHO AZEDO GRANULADO LOPES SC,UN,0
374,POLVILHO AZEDO INDL - AMIDOTEC - SC,UN,0
375,POLVILHO AZEDO INDL AMIDOTEC KG,KG,0
376,POLVILHO AZEDO NERIAL SC25KG,UN,0
377,POLVILHO DOCE  VO JOAO 1KG,KG,0
378,POLVILHO AZEDO VO JOAO SC 25 KG,UN,0
379,POLVILHO DOCE ARTESANALKG T2,UN,0
380,POLVILHO AZEDO GRANULADO LOPES SC 25,KG,0
381,POLVILHO DOCE FECULADO VO JOAO,KG,0
382,POLVILHO DOCE GRANULADO LOPES,KG,0
383,POLVILHO DOCE GRANULADO LOPES SC,UN,0
384,POLVILHO DOCE LOPES FARDO(20X1),UN,0
385,POLVILHO DOCE FARDO (20X1)KG,UN,0
386,POLVILHO DOCE VO JOAO 2KG,UN,0
387,POLVILHO DOCE VO JOAO GRANULADO,UN,0
388,POLVILHO LOPES DOCE 25KG,SC,0
389,POTE 600ML CONSERVA B74,UN,0
390,PP 50X80 LM BA BRANCO,UN,0
391,PP 50X80 LM BA POLVILHO V JOAO 25KG,UN,0
392,PRE MISTURA NITA MIX 25KG,UN,0
393,QUEIJO RALADO KG,UN,0
394,RABINHA 0600 ML,UN,0
395,RABINHA EM COBRE 1 LITRO,UN,0
396,RABINHA EM COBRE DE 2 LITROS,UN,0
397,RECHEIO CREME BAUNILHA ARCOFIL,UN,0
398,RECHEIO CREME CONFEIT TOQUE MINAS,UN,0
399,RECHEIO DE BAUNILHA FLEISCH 4KG,UN,0
400,RECHEIO DE LEITE CONDENSADO FLEISCH,UN,0
401,RECHO PEDRA SABAO MD,UN,0
402,REDUCAO 22X16,UN,0
403,REFORCADOR DE FARINHA 4KG,UN,0
404,REFORCADOR SUPREMA 5X4KG BR,UN,0
405,REFRIG COCA COLA ORIG LT 350ML,UN,0
406,REFRIG COCA COLA ORIG PET 2L,UN,0
407,REFRIG H2O LIMONETO PET 500ML,UN,0
408,RELOGIO MARCADOR,UN,0
409,REQUEIJAO(TIPO) B PIZZA PURANATA,UN,0
410,RETENTOR CUBO RODA,UN,0
411,FARINHA DE MANDIOCA CASEIRA (TGOS),UN,0
412,FARINHA DE MANDIOCA AMARELA (AG) 20,KG,0
413,RODIZIO P/ ANDAIME COM RODA DE,UND,0
414,ROLAMENTO PEQUENO TRASEIRO,UN,0
415,ROLETE DO PATIM MASTER ( 55 X 3175 X,UN,0
416,SACO PLASTICO VACUO 15X25X012,UN,0
417,SACO PLASTICO VACUO 18X22X012,UN,0
418,SACO PLASTICO VACUO 18X25X012,UN,0
419,SACO PLASTICO VACUO 20X30X012,UN,0
420,SACO PLASTICO ZIP 14X20X 50,UN,0
421,SAL GROSSO GARCA 30X1KG,UN,0
422,SALG SOTRIX PAMONHA A MODA 45G,UN,0
423,SALG TRIGO SABOR BACON 60G VOVO,SC,0
424,SALGADINHO CEBOLA E SALSA 40 G,UN,0
425,SALGADINHO SOTRIX CHURRASCO 45,UN,0
426,SALGADINHO SOTRIX GALINHA 45 G,UN,0
427,SALGADINHO SOTRIX JANTINHA 45 G,UN,0
428,SALGADINHO SOTRIX REQUEIJAO 45 G,UN,0
429,SERVO EMBREAGEM WSV0010,UN,0
430,SERVO EMBREAGEM WSV0010,UN,0
431,SILICONE ALTA TEMPERATURA BLACK 70ML,UN,0
432,SOLUCAO DE LIMPEZA GMASTER 1,UN,0
433,FAR TRIGO DA VOVO PRE MISTURA,UN,0
434,SUPORTE PARA FRUTAS C/6 ANDARES C/,UN,0
435,SUSPIRO CASEIRO 110G VOVO MARILIA,UN,0
436,TACHO COBRE 27 CM 4 LITROS,UN,0
437,TACHO EM COBRE 14 CM 0600 ML,UN,0
438,TACHO EM COBRE 17 CM 1 LITRO,UN,0
439,TACHO EM COBRE 20 CM 1/5 ML,UN,0
440,TACHO EM COBRE 25 CM 3 LITROS,UN,0
441,TACHO EM COBRE 30 CM 5 LITROS,UN,0
442,TACHO EM COBRE 305 CM 65 LITROS,UN,0
443,TACHO EM COBRE 34 CM 8 LITROS,UN,0
444,TACHO EM COBRE 37 CM 10 LITROS,UN,0
445,TACHO EM COBRE 375 12 LITROS,UN,0
446,TACHO EM COBRE 43 CM 15 LITROS,UN,0
447,TACHO EM COBRE 46 CM 20 LITROS,UN,0
448,TACHO EM COBRE 50 CM 25 LITROS,UN,0
449,TACHO EM COBRE DE 21 CM 2 LITROS,UN,0
450,TACHO EM COBRE DE 30 LITROS,UN,0
451,TAMPA 14,UN,0
452,TAMPA 16,UN,0
453,TAMPA 18,UN,0
454,TAMPA 20,UN,0
455,TAMPA 22,UN,0
456,TAMPA 28,UN,0
457,TAMPA 30,UN,0
458,TAMPA 36,UN,0
459,TAMPA 38,UN,0
460,FARINHA DE MANDIOCA VO JOÃO SC 20,UN,0
461,TAMPA 42,UN,0
462,TAMPA 46,UN,0
463,TAMPA 50,UN,0
464,TAMPA 60,UN,0
465,TAMPA MET 74MM - AMARELA,UND,0
466,TAMPA MET 74MM - AMARELA,UN,0
467,TAMPA OLEO MT FIAT PAL SIE UNO 14,UN,0
468,TAMPA PORCA JETTA 19MM CROMADA -,UN,0
469,TAPIOCA GRANULADA LOPES 1 KG,UN,0
470,TAPIOCA HIDRATADA LOPES DE 500 GR,UN,0
471,TAPIOCA HIDRATADA GRANULADA LOPES 1,UN,0
472,TAPIOCA HIDRATADA LOPES 1 KG,UN,0
473,TAPIOCA HIDRATADA LOPES CAIXA (10X1),UN,0
474,TAPIOCA HIDRATADA LOPES CAIXA (20X500),UN,0
475,TAPIOCA HIDRATADA LOPES CAIXA (20X500),UN,0
476,TEMPERO COMPLETO COM PIMENTA,UN,0
477,TRANCA CABINE,UN,0
478,TRAVA ARANHA,UN,0
479,TRIGO PARA QUIBE LOPES 500 GR,UN,0
480,TRIGO PARA QUIBE LOPES FARDO(20X500),UN,0
481,UNTA FORMAS HAXPAO 5L,UN,0
482,VALVULA PEDAL MBB/SCANIA/VOLVO 0511,UN,0
483,VALVULA REGULADORA PRESSAO FERRO,UN,0
484,VALVULA TIC TAC 16X16,UN,0
485,VELA IGNICAO FIAT PAL 18 11 A 14,UN,0
486,XICARA EM COBRE C/PIRES PQ,UN,0
487,XICARA EM COBRE MEDIO,UN,0
488,FAR.DE TRIGO PASTEL E MASSA FRESCA,FD,0
489,CREME CONF PRONTO VOVO GLEIDE,UN,0
490,REGULADOR GAS S/MAN.2KG GD,UN,0
491,PIRAKIDS CHOCOLATE 27X200ML,FD,0
492,CREME DE LEITE PIRACANJUBA 17% 1L,UN,0
493,CALDO GALINHA FAZMAX 1KG,UN,0
494,LEITE INTEGRAL PIRACANJUBA 1L,UN,0
495,FAR. TRIGO DA VOVO PRE MISTURA MIX,SC,0
496,FAR. TRIGO DA VOVO PREMIUM,SC,0
497,CR02 BANDEJA RASA COPOPLAST,PC,0
498,PANELA N.50,UN,0
499,ASSADEIRA 03,UN,0
500,LINER 50X80 MM,KG,0
501,CHOCOLATE GRANULADO CROCANTE,UN,0
502,FARINHA DE MANDIOCA TORRADA (TGN) 20,UN,0
503,SOLUCAO DE LIMPEZA GMASTER 1,UN,0
504,DESMOLDANTE CERA DE ABELHA OTT,UN,0
505,TEMPERO COMPLETO COM PIMENTA,KG,0
506,FARINHA DE MANDIOCA TORRADA VO JOAO 1,UN,0
507,POLVILHO DOCE ARTESANAL 25KG,UN,0
508,AMERICA TOPPING 907G RICH,L,0
509,GELATINA INCOLOR  *500G*,PC,0
510,"COB/RECH LEITINHO MELKEN HARALD  1,010",PC,0
511,CREME DE LEITE LEITBOM 1L,UN,0
512,FECOMIX 425 M/25KG/RF- NCM: Farinha de,SC,0
513,AMIDO DE MILHO VO JOÃO PCT.500GR,PCT,0
514,POLVILHO AZEDO,SC,0
515,POLVILHO DOCE,KG,0
516,COADOR INOX,UN,0
517,CHOC R/C MARROM - 5KG HARALD,PC,0
518,CHOC R/C MEIO AMARGO  5KG HARALD,PC,0
519,MIST CAKE NEUTRO - 3KG,PC,0
520,"CHOC BARRA M AMARGO TOP 1,01KG",BR,0
521,MIST CAKE NEUTRO 2KG FARINELLI,PCT,0
522,FUBA MIMOSO VO JOAO 1 KG,KG,0
523,GAMELA ALUMINIO,KG,0
524,"CEREJAS MARASQUINO S/TALO SICOLA 1,800",UN,0
525,POLV AZEDO VO JOAO 2KG,SC,0
526,FAR TRIGO VITELLA EXTRA 25KG -,SC,0
527,FAR TRIGO ALVA PREMIUM 25KG,SC,0
528,"GRANULADO MARROM CONF HARALD - 1,010",BR,0
529,"KETCHUP GALAO CEPERA 3,5KG",UN,0
530,RECHEIO DE BRIGADEIRO FLEISCH 4KG,BD,0
531,FARINHA DE TRIGO INTEGRAL VENTURELLI,PCT,0
532,POLVILHO AZEDO VO CORINTO KILO - TIPO 01,KG,0
533,FARINHA DE MANDIOCA 30K,KG,0
534,AMENDOIM TORRADO CASCA 10KG,SC,0
535,FAR ESPECIAL SUPREMA 25K,SC,0
536,RECH BRIGADEIRO 4KG BONASSE,BD,0
537,"RECH MORANGO 4,5KG FESTCREME",BD,0
538,"RECH LEITE COND 4,5KG FESTCREME",BD,0
539,CHOC EM PO 50% MAVALERIO - 1.01KG,PC,0
540,COND COLORAU GRANEL - 1kg,PCT,0
541,PNEU 205/70R15 96T DUELER A/T 693 - Etiq,UN,0
542,PNEU 205/65R15 94T DUELER A/T REVO2 -,UN,0
543,BICO P/ PNEU S/C 414R - Etiq. - CEAN:,UN,0
544,"POLPA (DE MARCHI) DE MORANGO- BLD  4,2",BD,0
545,"COB GOTA P/ DERRETER MEIO AMAR M 1,01",BD,0
546,GANACHE (COB) BRANCO MELKEN HARALD,BD,0
547,"CHOC EM PO 33% MELKEN HARALD - 1,010",PCT,0
548,POLVILHO RAMOS,SC,0
549,MIST PAO DE LO - COAMO - 5KG,SC,0
550,CONSERVANTE ANTIMOFO HAXPAO PC  1,PCT,0
551,FITA ISOLANTE 5MT,UN,0
552,PRESILHA PAINEL MB 1114 FERRO,UN,0
553,FUSIVEL LAMINA 20AMP,UN,0
554,PARAFUSO SEXT 6X30 ACO,UN,0
555,"PARAFUSO CORTINA MAIOR GROSSO 4,8X25",UN,0
556,"PARAFUSO CORTINA MAIOR 4,2X25",UN,0
557,PORCA SEXTAVADA 6MM,UN,0
558,ARRUELA LISA 1 4,UN,0
559,CHAVE TIC TAC 3 ESTAGIOS PEQUENA,UN,0
560,BRACO LIMPADOR PARABRISA VW 92,UN,0
561,CAPA TERMINAL ENCAIXE FEMEA,UN,0
562,FAROL VW 8140 7100 2000 LE,UN,0
563,FAROL VW 8140 7100 2000 LD,UN,0
564,PIVO LIMPADOR VW TITAN WORKER 6T 7T,UN,0
565,CABO 2X1 1MM,UN,0
566,TERMINAL ENCAIXE FEMEA C TRAVA,UN,0
567,PRESILHA NYLON 20CM,UN,0
568,FUSIVEL LAMINA 15AMP,UN,0
569,BARRA LED 40 LEDS  BI VOLT 54CM,UN,0
570,"PORTA FUSIVEL LAMINA UNIVERSAL 1,50",UN,0
571,PRESILHA CHICOTE CLIMATIZADOR,UN,0
572,PALHETA 24 PARAFUSO,UN,0
573,POLVILHO AZEDO GRANULADO LOPE,UN,0
574,AÇAFRÃO PEQUENO,UN,0
575,GELEIA BRILHO MORANGO FLEISCH 4KG-,BD,0
576,ESSENCIA BAUNILHA 960ML AROMAX,LT,0
577,MIST CAKE CHOCOLATE - 3KG,PCT,0
578,MANGA MASTERLINE GREEN 53X28CM PCT,PC,0
579,CEREJA COM TALO MARRASQUINO P.LIQ 1.65,LT,0
580,CREME CONFEITEIRO PRONTO ADIMIX,UN,0
581,PP 50x80 LM BA POLVILHO 25KG VO,UN,0
582,LINER 50X80 MM,KG,0
583,BUCHA BARRA ESTAB. DT TZ MB 608,PC,0
584,BUCHA AMORTECEDOR DT.FORD F350 600,PC,0
585,ANTI FERRUGEM 300ML ORBI,UN,0
586,POLVILHO AZEDO VO CORINTO 25 KG PAPEL -,KG,0
587,POLVILHO DOCE VO CORINTO 25 KG PAPEL -,KG,0
588,COB ACUCAR GELADO SICOLA 1KG,PCT,0
589,POLVILHO AZEDO VO JOAO 25KG,SC,0
590,POLVILHO DOCE 25KG - REFINADO,SC,0
591,POLVILHO DOCE VO CORINTO 25 KG PAPEL -,SC,0
592,GELEIA BRILHO MARACUJA C/SEM FLEISCH,BD,0
593,"CALDO DE CARNE TECNUTRI 1,1KG PC",PC,0
594,"CALDO DE GALINHA TECNUTRI 1,01KG",PC,0
595,"MARG 50% CREMOSY 14,5KG BD",BD,0
596,MIST BOLO COCO BUNGE 5 KG PC,PC,0
597,POLVILHO DOCE,SC,0
598,RECHEIO MORANGO C/ POLPA ITAIQUARA 4,BD,0
599,MARG 60% ELOGIATA 15KG BD,BD,0
600,MARG 80% ELOGIATA 15KG BD,BD,0
601,CALDO CARNE FAZMAX 1KG,UN,0
602,LEITE COND SEMI LEITBOM 5KG,UN,0
603,SC MILHO DE PIPOCA TIPO 1  (KG),KG,0
604,"CEREJA MARRASQ S/TALO 1,8KG DREN",LT,0
605,MIST BOLO CREM BRIGADEIRO 5KG,SC,0
606,CALDA P/MOLHAR 1LT CESIBON,UN,0
607,"POLPA PREP(JEB) MORANGO PM - BLD 4,1",BD,0
608,L COND (M LACTEA) TRIANG (BAG)-05,BG,0
609,TOUCA DESC TNT SANFONADA 100UN NOBRE,PC,0
610,PP 50x80 LM BA POLVILHO 25KG VO JOAO C/,KG,0
611,"LINER 60X92X0,10",KG,0
612,392102 - MANICOTO LE TITAN ES -,UN,0
613,443099 - VELA CPR8EA-9 TITAN/FAN,PC,0
614,GUIDAO,UN,0
615,PNEU TRASEIRO VIPAL,UN,0
616,PNEU DIANTEIRO VIPAL,UN,0
617,PAR DE PESO PCX,UN,0
618,IPI MOTO PROTECTION SL 20W50,CX,0
619,406585 - PNEU DIANT 100/80-17 52S,UN,0
620,SOPRADOR TERMICO STV150N 220V,PC,0
621,JG FERRAMENTAS C/110PCS EMB.FECH,JG,0
622,P399552 - PARALAMA DIANT TODAY PT C/,UN,0
623,PI: MOBIL SUPER MOTO 4T MX 10W30,CX,0
624,TORNO BANCADA NR6 FIXO NODULAR,PC,0
625,PI: MOBIL SUPER MOTO 4T 20W50,CX,0
626,CAP SAN MARINO PRETO FOSCO 58,UN,0
627,BATERIA HTZ7L HELIAR 690106001,UN,0
628,DESCARBONIZANTE WB-50 300ML/180G*,PC,0
629,SUPORTE PEDAL APOIO,PC,0
630,356083 - REGULADOR VOLT NX/XR/CBX 200 -,PC,0
631,ESCOVA CIRC (E) 6X3/4C/REDUCAO AC,PC,0
632,381092 - GUIDAO TITAN/FAN 125/150 00-08,UN,0
633,311140 - ADESIVO TITAN 150 12 ESD PT,UN,0
634,CAP SAN MARINO PRETO FEME 58 10013517,UN,0
635,CARBURADOR YBR125 00/08 SMARTFOX,UN,0
636,OLEO MOBIL 10W30 UN 123075,UN,0
637,REFIL BOMBA COMB CB 300/LIMITED 10/12,UN,0
638,SUPORTE PEDAL APOIO,PC,0
639,"ARRUELA ALUMINIO 12X20X1,5*",PC,0
640,"PF. FIX. PAINEL TITAN 2000/...* 3,9X14",PC,0
641,DESENGRIPANTE WB-10 ANTICORROSIVO 300,PC,0
642,BATERIA HTZ6L HELIAR 690105000,UN,0
643,OLEO MOBIL 20W50 CX 24X1 121708,UN,0
644,GRAMPEADOR MANUAL VONDER,PC,0
645,KIT ANEIS ORING C/ MALETA PLASTICA AZUL,UN,0
646,CARBURADOR TITAN 99/01 SMART,UN,0
647,386113 - LANTERNA TRAS TITAN150 04-,UN,0
648,"CH ALLEN JG 1,5A10MM 9PC LONGA CRV",JG,0
649,ALIC P/ANEIS EXT RT R27604061 180GED,PC,0
650,RETROV. C100 BIZ/XLR125/TORNADO MOD,PR,0
651,RET HASTE VALVULA CG150/CBX250,UN,0
652,"ALIC CORTE DIAGONAL 6.1/2"" GEDORE",PC,0
653,PORCA CROMADA COLUNA DIRECAO CG125,PC,0
654,PARALAMA DIANT. INJETADO PRETO,PC,0
655,442090 - VALV ADM FAN125/BROS125 09/13,UN,0
656,GRAMPO 6MM CX C/1000 VONDER,CX,0
657,"REBOLO RETO 6X3/4"" MEDIO VONDER",PC,0
658,TRAVA QUIMICA ALTA RESISTENCIA 50G WB*,PC,0
659,438002 - TORNEIRA GAS TITAN 150/CG,PC,0
660,IPI MOTO PERFORMANCE SL 10W30 SEMI,CX,0
661,443108 - VELA C7HSA,PC,0
662,CH COMBINADA 17MM A.C ENC 954,PC,0
663,340201 - CAPA CORR YBR/FACTOR 125 -,PC,0
664,392109 - MANICOTO LE,UN,0
665,CH BIELA 13MM GEDORE RED,PC,0
666,GRAXA BRANCA SACHE 80G WB-23 P/MOTO*,PC,0
667,BUCHA P/ PRISIONEIRO CARC. 8X10X25,PC,0
668,BUJAO OLEO REFAZ ROSCA 12MM X 15MM,UN,0
669,(O) FIXADOR DA ALAVANCA 1,UN,0
670,383126 - KIT SUP TITAN150/BROS150,JG,0
671,(O) SUPORTE DO MEDIDOR,UN,0
672,(O) DUTO DE AR (B04F155700),UN,0
673,PF. SEXT. C/FLANGE 6X25 CH 8 ZINC. P/MOT,PC,0
674,(O) SUPORTE 1 DA CARENAGEM,UN,0
675,BORRACHA FIXAR TAMPA LATERAL NO,PC,0
676,PORCA C/FLANGE 8 MM MOTOS TODAS*,PC,0
677,(O) TAMPA 1 PT (SMX),UN,0
678,(O) SUPORTE DO FAROL 1 PT (MBL2),UN,0
679,(O) GUIA DE AR ESQUERDA CZ (MLNM4),UN,0
680,(O) SUPORTE 2 DA CARENAGEM,UN,0
681,389120 - MANOPLA TITAN KS/ES 00 PAR -,PR,0
682,384116 - JUNTA ESC,UN,0
683,FUSIVEL LAMINA ENCAIXE 20 AMP*,PC,0
684,(O) ESPELHO RETROVISOR ESQ MT03 17A20/,UN,0
685,(O) RADIADOR CONJUNTO,UN,0
686,PF. MAQ.PH. CAPA ROTOR/FILTRO OLEO,PC,0
687,PN 17-110/90 NXR TRAS VIPER,PC,0
688,X PAINEL COMPLETO TITAN 150 04/08,PC,0
689,X BICO INJETOR TITAN 150 09/10 MIX,PC,0
690,X KIT REL BIZ125/POP 100 34/14/428H,UN,0
691,PN 17-60/100 BIZ/DREAM DIANT,PC,0
692,PN 18-90/90 TITAN/FAN TRAS WINNER,PC,0
693,X KIT IGN C/TV TITAN 150 09 KS/ES (3,UN,0
694,X KIT REL TITAN/FAN 150 43/16/428H,UN,0
695,X KIT REL TITAN 00 44/14/428H 1045,UN,0
696,X PATIN DIANT BIZ D/T TITAN,JG,0
697,CAMARA (18) 300/275 TR4,PC,0
698,X PISCA TITAN 00 DD/TE AMAR C/SUP,PC,0
699,X KIT PARAF FIX PARAL DIANT TITAN,UN,0
700,X PATIN TRAS BIZ/NXR125/150/XL125,JG,0
701,X KIT REL YBR 43/14/428H 1045,UN,0
702,X CARB COMPL TITAN 150 04/08,PC,0
703,X MOTOR DE PARTIDA TITAN/NXR 150,PC,0
704,PN 14-80/100 BIZ TRAS WINNER 49L,PC,0
705,PN 18-275 TITAN/FAN DIANT BS-32 MD,PC,0
706,X FAROL COMPL TITAN 150 04/08 PTO,PC,0
707,CAMARA (14) 275/300 TR4 TRAS BIZ,PC,0
708,X PISCA TITAN 00 DE/TD AMAR C/SUP,PC,0
709,X RET BENG YBR 125/YES,PR,0
710,X FILTRO AR TITAN 150 09/13/NXR,PC,0
711,X RET BENG,PR,0
712,X MACANETA FREIO TIT/CG/FAN/POP,PC,0
713,X RET BENG TITAN/CG/ML/TUR/BIZ,PR,0
714,X LAMP FAR 12V35/35W H4 CG/TITAN,PC,0
715,CAMARA (17) 250 TR4 DIANT BIZ,PC,0
716,CAMARA (17) 460 TR4 TRAS NXR,PC,0
717,X VARETA NIVEL OLEO TITAN 150,PC,0
718,X PEDALEIRA TRAS (PR) TITAN 125/150,PR,0
719,X RETIF TITAN 150/FAN 125 09/NXR 150,PC,0
720,PN 18-90/90 TITAN/FAN TRAS BS-32 M,PC,0
721,X AMORTEC TITAN 150 CROM C/MOL,PC,0
722,X LUVA TITAN 00/150 PTO C/ROLD,PR,0
723,X MACANETA FRICCAO TITAN 00 KS PTO,PC,0
724,X MACANETA FREIO TITAN 00/150 C/CIL,PC,0
725,X PEDALEIRA TRAS (PR) TITAN 160 PTA,PR,0
726,X LENTE PISCA TITAN 00 CRIST UNIV,PC,0
727,X RET EMBR TITAN 150/160,PC,0
728,X ROLAM 6202 2RS,PC,0
729,X CACHIMBO VELA TITAN 150/MIX/NXR,PC,0
730,X MACANETA FREIO TITAN 150 ESD PTO,PC,0
731,X REPARO CILIND PINCA TITAN 150/160,JG,0
732,X PEDALEIRA TRAS (PR),PR,0
733,X RELE PARTIDA TITAN/NXR 150 04/08,PC,0
734,X BUCHA BALANCA TITAN 125/150/160,UN,0
735,CAMARA (19) 300 TR4 DIANT NXR,PC,0
736,X RETR MOD ORIG TITAN 91/99 (PR),PR,0
737,X PISCA C/LED UNIV MOD. CB TWISTER,PC,0
738,X LAMP FAR 12V35/35W BIZ/POP M5,PC,0
739,X ROLAM 6303 2RS,PC,0
740,X RELE PISCA CB 300/TITAN 150 INJ 2,PC,0
741,X COXIM COROA YBR BORR PT4,PT,0
742,X MACANETA FREIO YBR PTO DISC,PT,0
743,X PRESILHA CARENAG POP110 BIZ125,PT,0
744,X PORCA CEGA ESCAP TITAN 150/160 M8,PT,0
745,X PORCA CEGA ESCAP TITAN 00/CBX 7MM,PT,0
746,X PARAF 6 X 25 MOTOR TITAN/FAN 125,PT,0
747,X PARAF CAV LAT TITAN00/150 C/PORC,PT,0
748,X CARB COMPL YBR 125 00/08,PC,0
749,X KIT REL FAN 09/12 43/14/428H 1045,UN,0
750,X KIT REL TITAN 160 44/15/428H 1045,UN,0
751,X ESTRIBO CENTRAL TITAN 00/FAN,PC,0
752,X RELE PARTIDA TITAN 150/160 BIZ,PC,0
753,X RETIF TITAN 92/04/FAN/NXR/BIZ,PC,0
754,X KIT REL TITAN 99 43/14/428H 1045,UN,0
755,X PORCA CEGA ESCAP TITAN 99/BIZ 6MM,PT,0
756,X PARAF 6 X 10 SEXT TITAN 125 99,PT,0
757,X MOLA INTER FREIO YBR 125 (PT10),PT,0
758,X MOLA CAV CENTRAL TITAN 125/150,PT,0
759,X ANEL ESCAP BIZ/POP/DREAM PT10,PT,0
760,X GUARDA PO BENG TIT 150/NXR125/150,PT,0
761,X PARAF BOMBA OLEO 5X12 TITAN/XLR,PT,0
762,X PARAF BUJAO DO OLEO TITAN 150,PT,0
763,X PAINEL COMPLETO BIZ 125 ES 06/08,PC,0
764,X KIT IGN C/TV TPA TITAN 150 04/08,UN,0
765,X GUARDA PO BENG CG/BIZ 125/BIZ/POP,PT,0
766,X LAMP FAR 12V30/30W BIZ BCO BIODO,CM,0
767,X FILTRO OLEO TENERE/XT 600/VIRAGO,PC,0
768,X CILIND MOTOR TITAN 150 04/08 C/190,UN,0
769,X ROLAM 6004 2RS,PC,0
770,X GUARN TPA VALV TITAN 150 C/RET,UN,0
771,X ESTATOR YBR/XTZ 06/10 FACTOR 10,PC,0
772,X ROLAM 6302 RS PT10,PT,0
773,X RET VALV BIZ/TITAN 02/150/160 2M,PT,0
774,X MACANETA FREIO FACTOR POL,PC,0
775,X ARO FAROL TITAN 00/150 PTO,PC,0
776,X PEDALEIRA TRAS (PR),PR,0
777,X COXIM COROA TITAN 150/160 ACOP,PC,0
778,X MACANETA FREIO YBR PTO,PC,0
779,X VARETA FREIO COMP TITAN,UN,0
780,X RAIO CROM TRAS BIZ/POP 4MM,JG,0
220695,X LAMP FAR 12V35/35W H4 FIT NXR,PC,0
220696,X PROT CORR TITAN/FAN 150 04/13,PC,0
220697,X MACANETA FRICCAO YBR PTO,PC,0
220698,X CARC PAINEL INTERM PTO TITAN150 04,PC,0
220699,X CAV LAT TITAN/FAN 99/00/150/160,PC,0
220700,X CARB COMPL TITAN 00/08,PC,0
220701,X PAINEL COMPLETO YBR 00/04,PC,0
220702,X CAPAC INTERLAGOS 56 PTO/PTA,PC,0
220703,X GUIDAO TITAN 150 04/08 CROM M,PC,0
220704,X PATIN DIANT/TRAS YBR,JG,0
220705,X LAMP FAR LED H4 12V35W,PC,0
220706,X RETR GTX PTO L.PTA H.PTO HONDA,PR,0
220707,X CILINDRO BENG TITAN 150 04/FAN 160,PC,0
220708,X KIT REL XRE 300 39/13/520H 1045,UN,0
220709,X ROLAM 6003 2RS C3,PC,0
220710,X FILTRO OLEO FAZER/LANDER 250/CRYP,PC,0
220711,X CX DIRECAO TITAN 00/150/160/FAN,JG,0
220712,X ESCOVA PART TIT/TW/TORN/XR/FAZE,PC,0
220713,X GUIDAO YBR CROM (TODAS),PC,0
220714,X DISCO FRICCAO YBR 125 00/08/XTZ 125,JG,0
239840,X ESCAP TITAN 00 KS MD ORIG CROM (B),PC,0
271363,X KIT REL NXR 150 50/17/428H 1045,UN,0
271364,X RETR MOD ORIG BIZ,PR,0
271365,X PEDAL PART TITAN 150 04/08,PC,0
271366,X PINHAO TITAN 125/CBX 150 16D,PC,0
271367,X MACANETA FREIO TITAN 150 DISC,PC,0
271368,X REFIL BOMBA COMB TITAN 150 09/10,PC,0
271369,X KIT SUPERIOR S/B TITAN 00/08,UN,0
271370,X FILTRO AR TITAN 150 04/08,PC,0
271371,X FILTRO OLEO,PC,0
271372,X ENG VELOC TITAN 150 KS/ES/BIZ125,UN,0
271373,X ENG VELOC TITAN 00/BIZ/FAN METAL,PC,0
271374,X RELE PISCA CG 76/89 MOD ANTIGO,PC,0
271375,X RELE PISCA TITAN 150/FAN,PC,0
271376,X REFIL BOMBA COMB TITAN 150 11/13,PC,0
271377,X CAREN ASS TITAN 00/04/FAN 06/08,JG,0
271378,X CABO ACEL TWISTER A,PC,0
271379,"X RAIO CROM TRAS TITAN 00/04 KS/ES 4,0",JG,0
271380,X CABO EMBR YBR 125 02/08 E/K/ED,PC,0
271381,X FAROL COMPL TITAN/FAN 125 00/08,PC,0
271382,X PATIN TRAS TITAN/CG,JG,0
271383,X CDI TITAN 125 92/02 C/CONEC,PC,0
271384,X CABO ACEL CBX 200 A,PC,0
271385,X CAPA BCO BIZ 100 98/05 PTO,PC,0
271386,X KIT REL BIZ 100 35/15/428H 1045,UN,0
271387,X CABO ACEL NXR 150 05/08,PC,0
271388,X CABO ACEL NXR 150 09/14,PC,0
271389,X CABO EMBR TITAN 150 09,PC,0
271390,X CABO EMBR TITAN 150 04/08,PC,0
271391,X CUBO TRAS TITAN 150,PC,0
273269,X KIT REL LANDER 46/15/428H 1045,UN,0
273270,X SUP FAROL TITAN 150 04/08 ARANHA,PC,0
273271,X ESTATOR TITAN 00/01/XLR 125 00 T,PC,0
273272,X CAPAC INTERLAGOS CLASSIC 60,PC,0
273273,X KIT IGN C/TV TPA FACTOR 125/150,PC,0
273274,X CHAVE DE LUZ TITAN 150 04/08,PC,0
273275,X ESTATOR TITAN 150/SPORT 08,PC,0
273276,X CABO EMBR TITAN 99,PC,0
273277,X CABO EMBR TITAN 03/04 KS/KSE,PC,0
273278,X CABO EMBR NXR 150 06/08,PC,0
273279,X CABO EMBR NXR 150 09/12,PC,0
273280,X CABO VELOC NXR 150 03/08 ESD,PC,0
273281,X CABO VELOC TITAN 00/02 KS,PC,0
273282,X CABO VELOC TITAN 150 04/08,PC,0
273283,X TENS CORR COM TITAN 150 04/12,PC,0
273284,X PEDAL CAMBIO CROM TITAN 150,PC,0
273285,X ESCAP TITAN 150 04/08 ESD MD ORIG,PC,0
273286,X AMORTEC BIZ/BIZ 125 CROM C/MOL,PC,0
273287,X PROT ESCAP CROM TITAN 150/FAN,PC,0
273288,X CUBO TRAS FAN 09,PC,0
273289,X PARAL D YBR 02/08 PTO,PC,0
273290,X RETR BMW 650 GS HONDA (H.9MM),PR,0
273291,X KIT REL FAZER 150 13 41/14/428H,UN,0
273292,X CAV CENTRAL TITAN 00/04/FAN 08,PC,0
273293,X PARAL D TWISTER 01/08 PTO,PC,0
273294,X TPA LAT TITAN 02/03 VERM,PR,0
273295,X PAINEL COMPLETO TITAN/CG,PC,0
273296,X ARO 18 X 160 TITAN DIANT CROM,PC,0
273297,X EMBR COMPL TITAN/NXR 150,UN,0
273298,"X RAIO CROM TRAS YBR 4,0MM",JG,0
273299,X CABO VELOC TITAN 150 09/10 MIX,PC,0
273300,X REFIL BOMBA COMBBIZ/POP 110 TITAN,PC,0
273301,X CAV CENTRAL FAN/START 160 16 PTO,PC,0
273302,X CUBO DIANT TITAN/FAN 150 KS ATE,PC,0
273303,X PARAL D TITAN 150 04/05 VERM,PC,0
273304,X CAREN ASS TITAN 02/03 VERM,JG,0
273305,X ESTATOR TITAN 150/160 INJ ELET,PC,0
273306,X CAV CENTRAL TITAN 150 04/08 PTO,PC,0
273307,X CILINDRO M. DIANT INF TITAN 150,PC,0
273308,X KIT IGN C/TV TPA TITAN 95/99 (4 PC),UN,0
273309,X CDI TITAN 150 ATE 08 ES,PC,0
273310,X MOTOR DE PARTIDA BIZ 125 09/22,PC,0
276606,X KIT REL SHINERAY PHOEN 45/12/428H 1045,UN,0
276607,X ESTATOR TITAN 150 INJ ELET 13,PC,0
276608,X CARB COMPL BIZ/DREAM,PC,0
276609,PN 19-90/90 NXR DIANT VIPER,PC,0
276610,X LENTE SUP PAINEL BIZ 125 18,PC,0
276611,TACHO EM COBRE DE 30 LITROS,UN,0
276612,TACHO EM COBRE 50 CM 25 LITROS,UN,0
276613,TACHO EM COBRE 46 CM 20 LITROS,UN,0
276614,TACHO EM COBRE 43 CM 15 LITROS,UN,0
276615,"TACHO EM COBRE 37,5 12 LITROS",UN,0
276616,TACHO EM COBRE 37 CM 10 LITROS,UN,0
276617,TACHO EM COBRE 34 CM 8 LITROS,UN,0
276618,"TACHO EM COBRE 30,5 CM 6,5 LITROS",UN,0
276619,TACHO EM COBRE 30 CM 5 LITROS,UN,0
276620,TACHO COBRE 27 CM 4 LITROS,UN,0
276621,TACHO EM COBRE 25 CM 3 LITROS,UN,0
276622,TACHO EM COBRE DE 21 CM 2 LITROS,UN,0
276623,TACHO EM COBRE 20 CM 1/5 ML,UN,0
276624,TACHO EM COBRE 17 CM 1 LITRO,UN,0
276625,"TACHO EM COBRE 14 CM 0,600 ML",UN,0
276626,PAEJEIRA COBRE 25 CM P,UN,0
276627,PAEJEIRA COBRE 32 CM N1,UN,0
276628,PAEJEIRA COBRE 38 CM N2,UN,0
276629,PAEJEIRA COBRE 41 CM N3,UN,0
276630,CANECA COBRE 400 ML BARRIL MARTELADA,UN,0
276631,CANECA EM COBRE MARTELADA ALCA/COBRE,UN,0
276632,CANECA COBRE BARRIL 400 ML LISA,UN,0
276633,CANECA COBRE BARRIL 400 ML ALCA DE,UN,0
276634,"RABINHA 0,600 ML",UN,0
276635,RABINHA EM COBRE 1 LITRO,UN,0
276636,RABINHA EM COBRE DE 2 LITROS,UN,0
276637,GRELHA PEDRA SABAO G 37 CM,UN,0
276638,GRELHA PEDRA SABAO M 32 CM,UN,0
276639,PANELA DE PEDRA N 1 - 1 LITRO,UN,0
276640,PANELA DE PEDRA N 2 2 LITROS,UN,0
276641,PANELA DE PEDRA N 3 - 3 LITROS,UN,0
276642,PANELA DE PEDRA N 4 - 4 LITROS,UN,0
276643,PANELA DE PEDRA N 5 - 5 LITROS,UN,0
276644,PANELA DE PEDRA N 6 6 LITROS,UN,0
276645,PANELA PEDRA SABAO N 7 7 LITROS,UN,0
276646,RECHO PEDRA SABAO MD,UN,0
276647,PAEJA DE FERRO 40CM,UN,0
276648,PAEJA DE FERRO 50 CM,UN,0
276649,CONCHA DE CEREAIS MEDIA 15 CM,UN,0
276650,CONCHA DE CEREAIS PEQUENA 12 CM,UN,0
276651,CONCHA CEREAIS 18 CM,UN,0
276652,BULE COBRE 1 1/5 LITROS P/USO CDB,UN,0
276653,BULE COBRE P/USO 1 LITRO CDB,UN,0
276654,"CHALEIRA COBRE 1,5 LTS P/USO",UN,0
276655,XICARA EM COBRE MEDIO,UN,0
276656,XICARA EM COBRE C/PIRES PQ,UN,0
276657,BANDEIJA EM COBRE 35 CM CDB,UN,0
276658,CUBA EM COBRE 10 LITROS S/ALCA,UN,0
276659,CUBA 8 LITROS COBRE S/ ALCA,UN,0
276660,CUBA EM COBRE 5 LITROS S/ALCA,UN,0
276661,CACAROLA ASA DE ALUMUNIO 42,UN,0
276662,CACAROLA ASA DE MADEIRA N 38,UN,0
276663,CACAROLA ASA DE MADEIRA N 36,UN,0
276664,CACAROLA ASA DE MADEIRA N 40,UN,0
276665,CACAROLA ASA DE MADEIRA N 34,UN,0
276666,PANELA COM CABO MADEIRA N 26,UN,0
276667,PANELA COM CABO N 24,UN,0
276668,PANELA COM CABO N 22,UN,0
276669,PANELA ASA MADEIRA 18,UN,0
276670,CLICHE DE FOTOPOLIMERO 108464-1,UN,0
276671,ASSAD. H. RET. MARILUX 6,UN,0
276672,"CHOC GRAN COLOR/MACIO 1,005KG DONA",KG,0
276673,MIX PARA PAO DE QUEIJO AMIDOTEC SC,KG,0
276674,ALHO ABAIXO DO PADRAO INDUSTRIA PCT,KG,0
276675,FARINHA DE MANDIOCA 40X500G,KG,0
276676,FAR.DE TRIGO PASTEL E MASSA FRESCA,KG,0
276677,FECOMIX 425 M/25KG/RF NCM: Farinha de,KG,0
276678,FECULA DE MANDIOCA (POLVILHO DOCE),SC,0
276679,CANJICA BRANCA SC 50 KG,KG,0
276680,CANJICA  AMARELA  SC 50KG,KG,0
276681,GIRASSOL MIUDO SC 40 KG,SC,0
276682,MILHO PIPOCA SC 25 KG,KG,0
276683,FUBA DE MILHO RAINHA SC 50 KG,KG,0
276684,FARINHA DE MILHO BIJU FLOCADA  20,KG,0
276685,MILHO DE PIPOCA/25KG/RF/BUTTER NCM: Em,SC,0
276686,OLEO EMULSIF TOQUE DE MINAS (G) -,LT,0
276687,*MANG USOS GERAIS VAC/AR 4,MT,0
276688,CORANTE SOFTGEL BRANCO 60G UN,BIS,0
276689,CORANTE SOFTGEL VERDE FOLHA 60G,BIS,0
276690,SACO CONF LONA GD 55X29CM,UN,0
276691,CHOC GRAN COLOR/CROC 500G MIL,UN,0
276692,FAR DA VOVO MIX 25kg,FD,0
276693,CHOC GRANULADO COLORIDO MAVALERIO,PCT,0
276694,RESMA PAPEL A4 REPORT,UN,0
276695,MOUSE GAMER KROSS VALHALLA,UN,0
276696,TECLADO GAMER KROSS KE-KG125,UN,0
276697,MOUSEPAD KROSS C/ APOIO GEL KE-,UN,0
276698,TV LED HD 32 SEMP 32S42 GOOGLE TV,UN,0
276699,2 MOLA DIANTEIRA MESTRE FORD,UND,0
276700,MARG RICCA FOLHADOS 2KG - SEARA,PC,0
276701,PNEU 175/70R14 TOURING R1XL DU,UN,0
276702,PNEU 185R14C ZMAX VANMEJOR C30,UN,0
276703,ARLA 32 A GRANEL LITRO,LT,0
276704,OLEO VEGETAL SEBELLA FRY SINA BD 14.5,BD,0
276705,"CHOC EM PO 50% CACAU 1,010KG",PC,0
276706,ACUCAR IMPALPAVEL FINISSI SICOLA(U),KG,0
276707,DESMOLDANTE *CERA* TOQUE DE MINAS (G),GL,0
276708,GANACHE CHOC M AMARGO 4KG,BD,0
276709,MULTIPROC. DE ALIMENTOS 4X1 OSTER,UN,0
276710,VENT.PAR.60CM NEW PT 220V. VENTISOL,UND,0
276711,CLIMATIZADOR CLIN16 BR/CZ 220V,UND,0
276712,FAR DE TRIGO SOTRIGO ESP 25 KG,SC,0
276713,CADEIRA GAMER LEVEL LVC01DN BLK,UND,0
276714,COMBO GAMER KROSS KE-GK4100 4 EM,UND,0
276715,"SUPORTE ELG F80N 17"" A 35"" PISTAO A",UND,0
276716,PIRAKIDS CHOCOLATE 27X200ML,UN,0
276717,CAPA 50 X 50,UND,0
276718,POLVILHO AZEDO OURO MINAS 25K,SC,0
276719,IMPRESSORA - ZETEX Z60X T-203 DPI,UND,0
276720,"110MM (1/2"") X 74M K115 OUT",UND,0
276721,ETIQ 100X100 POPP PEROLADO,UND,0
276722,GASOLINA C COMUM,LT,0
276723,ASSAD P/ PAO 5 TIRAS 58X70 IMECA PC,UND,0
276724,ETANOL HIDRATADO COMUM,LT,0
276725,FERM FRESCO 500G FLEISCHMANN MASSA,CX,0
276726,GELEIA BRILHO NEUTRA FLEISCH 4KG,CX,0
276727,RECHEIO DE LEITE CONDENSADO FLEISCH,CX,0
276728,FARINHA TRIGO ESP SUPREMA RAFIA SC,CX,0
276729,FERM INSTANTANEO MD 500G FLEISCHMANN,CX,0
276730,FERM PO QUIMICO FLEISCHMANN - 02KG,CX,0
276731,REFORCADOR DE FARINHA 4KG SUPREMA,PCT,0
276732,"DOCE DE LEITE CREM BISNAGA 1,01KG UBL",MG,0
276733,SACO CONF LONA GD 55X29CM LAMARE,UN,0
276734,CONF FLOCOS CROCANTE CHOC MAVALERIO-,PCT,0
276735,LUVA (C LONGO)GRAF DFACE AZUL 45CM,UND,0
276736,ESSENCIA QUEIJO  960ML AROMAX,L,0
276737,MIST BOLO CHOCOLATE VILMA - 5KG,SC,0
276738,DESMOLDANTE *CERA* TOQUE DE MINAS (G),SC,0
276739,LUVA M GATO AZUL 35 CM *STAR* (PAR),UN,0
276740,FARINHA DE TRIGO MOLINO ROSSO,SC,0
276741,COMP LAC FORTIFICADO RICO TANGARA 1KG,PC,0
276742,FERMENTO INST SAF 500GR MD UN,UND,0
276743,Fuba 20 X 500G (FD),FARDO,0
276744,Fuba 10 X 1KG (FD),FARDO,0
276745,INVERSOR DE FREQ MONO ESCALAR 1CV,UND,0
276746,POTENCIOMETRO 10KOHMS PARA PAINEL,UND,0
276747,CAIXA PLASTICA MEDIA C28-18-14C C/ FECHO,UND,0
276748,SELETORA 2 POS PLASTICO 1 NA SIBRATEC,PCA,0
276749,MOTOFREIO TRIF 1/2 CV 4P 71 B14 IBR IR3,PCA,0
276750,REDUTOR IBR Q050 30 71 B14,UND,0
276751,ALCOOL ISOPROPYL 99,UN,0
276752,Fecula RAMOS 10 X 1 KG (FD),KG,0
276753,PEDALEIRA COM CAPA SUPERIOR E LATERAL,PCA,0
276754,41910620 - PISTAO COMPLETO FIAT ETORQ,UND,0
276755,37123610 - BRONZINA BIELA FIAT 1.6/1.8,UND,0
276756,- BRONZINA MANCAL FIAT 1.6/1.8 16V ETORQ,UND,0
276757,JCRFI18A - JUNTA MOTOR FIAT PUNTO LINEA,UND,0
276758,KD0045 - KIT DISTRIBUICAO FIAT PALIO SIENA,UND,0
276759,707994030 - BOMBA OLEO FIAT 1.6/1.8,UND,0
276760,354504 - BOMBA D AGUA FIAT ETORQ,UND,0
276761,POLVILHO DOCE 10X1,FD,0
276762,POLVILHO DOCE 20X500G,FD,0
276763,LEITE COND SEMI DESN BAG 5KG,PC,0
276764,"MARGARINA 50% BD 14,5KG SINA CHEFF",BD,0
276765,GM910 TOUCHSCREEN 60 MICRAS SERIE:,UN,0
276766,FRISO FAROL DOBLO 10/ LE,UN,0
276767,GRADE DOBLO 10/ PRETA,UN,0
276768,PARACHOQUE DIANT DOBLO 10/,UN,0
276773,CARTUCHO DILUENTE P/ TINTA PRETA STD,UN,0
276776,MIST BOLO BASICO/NEUTRO VILMA - 5KG,SC,0
